"WHORegionName","Year","AntibioticName","TotalTested","TotalResistant","Countries","Resistance","UpperCI","LowerCI","95% CI"
"African Region",2020,"Imipenem",4772,3478,4,72.883487007544,74.1260394504893,71.6041217960966,"71.6–74.1"
"African Region",2020,"Meropenem",5195,3830,4,73.7247353224254,74.9037294174207,72.510680495344,"72.5–74.9"
"African Region",2021,"Imipenem",5211,4192,7,80.4452120514297,81.4994941031566,79.3460757009454,"79.3–81.5"
"African Region",2021,"Meropenem",5339,4287,8,80.2959355684585,81.3409387575499,79.2073673251473,"79.2–81.3"
"African Region",2022,"Imipenem",5913,4111,7,69.52477591747,70.685028670691,68.339170575983,"68.3–70.7"
"African Region",2022,"Meropenem",6196,4308,9,69.5287282117495,70.6624297634173,68.3708264266582,"68.4–70.7"
"African Region",2023,"Imipenem",6619,4639,11,70.0861157274513,71.1772798460653,68.9716504360961,"69–71.2"
"African Region",2023,"Meropenem",7036,4891,13,69.5139283683911,70.5786914124429,68.4278688355774,"68.4–70.6"
"Eastern Mediterranean Region",2020,"Imipenem",1817,1355,16,74.5734727572922,76.5223831703053,72.5208762345179,"72.5–76.5"
"Eastern Mediterranean Region",2020,"Meropenem",1776,1393,15,78.4346846846847,80.2849854471402,76.4616418996133,"76.5–80.3"
"Eastern Mediterranean Region",2021,"Imipenem",3366,2414,13,71.7171717171717,73.2132214712031,70.1716088795885,"70.2–73.2"
"Eastern Mediterranean Region",2021,"Meropenem",3423,2412,11,70.464504820333,71.9691563528893,68.9139722317093,"68.9–72"
"Eastern Mediterranean Region",2022,"Imipenem",5232,3460,16,66.131498470948,67.4016261449963,64.8376999170308,"64.8–67.4"
"Eastern Mediterranean Region",2022,"Meropenem",5114,3315,16,64.8220570981619,66.1192607501655,63.5026025333707,"63.5–66.1"
"Eastern Mediterranean Region",2023,"Imipenem",5025,3487,15,69.3930348258706,70.6520510381743,68.1043904992978,"68.1–70.7"
"Eastern Mediterranean Region",2023,"Meropenem",5074,3520,15,69.3732755222704,70.6265161947834,68.0907225363485,"68.1–70.6"
"European Region",2020,"Imipenem",5818,3542,23,60.8800275008594,62.1264563567773,59.6192405838681,"59.6–62.1"
"European Region",2020,"Meropenem",7704,4438,27,57.6064382139148,58.705886616567,56.4994079689721,"56.5–58.7"
"European Region",2021,"Imipenem",11666,8967,26,76.8643922509858,77.6207010004635,76.0903971504227,"76.1–77.6"
"European Region",2021,"Meropenem",13733,9784,29,71.244447680769,71.9954344387499,70.4815790544301,"70.5–72"
"European Region",2022,"Imipenem",10478,7492,27,71.5021950753961,72.3585117834244,70.6301178166551,"70.6–72.4"
"European Region",2022,"Meropenem",12455,8002,28,64.2472902448816,65.0844805690326,63.4013141313033,"63.4–65.1"
"European Region",2023,"Imipenem",9138,7267,26,79.525060188225,80.3399162179021,78.6853909295278,"78.7–80.3"
"European Region",2023,"Meropenem",9388,5623,27,59.8956114188326,60.8827832917547,58.9003445234512,"58.9–60.9"
"Region of the Americas",2020,"Imipenem",973,814,3,83.6587872559096,85.8488415769166,81.204004520623,"81.2–85.8"
"Region of the Americas",2020,"Meropenem",974,816,3,83.7782340862423,85.9599632897984,81.3311086998846,"81.3–86"
"Region of the Americas",2021,"Imipenem",2380,1434,4,60.2521008403361,62.2001520181907,58.2710080161438,"58.3–62.2"
"Region of the Americas",2021,"Meropenem",2830,1481,4,52.3321554770318,54.1678937213685,50.490094451863,"50.5–54.2"
"Region of the Americas",2022,"Imipenem",1754,797,4,45.4389965792474,47.7766143151768,43.1213134133374,"43.1–47.8"
"Region of the Americas",2022,"Meropenem",2234,843,4,37.7350044762757,39.7644643235313,35.7476525943138,"35.7–39.8"
"Region of the Americas",2023,"Imipenem",1911,770,4,40.2930402930403,42.5094945948486,38.1155332218934,"38.1–42.5"
"Region of the Americas",2023,"Meropenem",2414,843,5,34.9212924606462,36.8455982080951,33.0449007183695,"33–36.8"
"South-East Asia Region",2020,"Imipenem",2664,1809,6,67.9054054054054,69.6512905852512,66.1079557839731,"66.1–69.7"
"South-East Asia Region",2020,"Meropenem",2838,1909,6,67.2656800563777,68.9677274305357,65.5169549206987,"65.5–69"
"South-East Asia Region",2022,"Imipenem",9849,6350,7,64.4735506142756,65.4129293219205,63.5228859138728,"63.5–65.4"
"South-East Asia Region",2022,"Meropenem",7666,4906,6,63.996869292982,65.0641294096166,62.9155884440294,"62.9–65.1"
"South-East Asia Region",2023,"Imipenem",13264,9242,9,69.6773220747889,70.4537729389261,68.8894767991815,"68.9–70.5"
"South-East Asia Region",2023,"Meropenem",12253,8090,9,66.0246470252183,66.8581219113189,65.1811274596838,"65.2–66.9"
"Western Pacific Region",2020,"Imipenem",4157,1321,6,31.7777243204234,33.2094053933073,30.3796903462502,"30.4–33.2"
"Western Pacific Region",2020,"Meropenem",4950,1505,8,30.4040404040404,31.7002836776997,29.1381885235921,"29.1–31.7"
"Western Pacific Region",2021,"Imipenem",5921,2538,8,42.8643810167201,44.1291347358116,41.6088802663959,"41.6–44.1"
"Western Pacific Region",2021,"Meropenem",6144,2605,8,42.3990885416667,43.6391677213221,41.168508171817,"41.2–43.6"
"Western Pacific Region",2022,"Imipenem",3489,1063,8,30.4671825738034,32.0152208795465,28.9621090087618,"29–32"
"Western Pacific Region",2022,"Meropenem",3998,1163,9,29.0895447723862,30.5169147419681,27.7023196478739,"27.7–30.5"
"Western Pacific Region",2023,"Imipenem",6583,2518,8,38.2500379766064,39.4305745416573,37.0832066132185,"37.1–39.4"
"Western Pacific Region",2023,"Meropenem",7266,2605,10,35.8519130195431,36.9618002457912,34.7569777819552,"34.8–37"
